title,link,address,description,price,sq_ft,date,seller,image,bed,type,lat_lon,lat,lon,nres
Light industrial for sale,https://www.rightmove.co.uk/properties/85757850#/?channel=COM_BUY,"Common Lane, Watnall, Nottingham NG16 1HD","INVESTMENT - Detached industrial unit with yard & integral office block. 260.38 sq m (2,803 sq ft). Detached unit with yard. Sought after location offering access to Nottingham and J26 of the M1. Leased until July 2025. Rent passing £19,000 per annum. Rent review July 2023.",310000.0,2803,,"HEB Property Consultants, Nottingham",https://media.rightmove.co.uk:443/dir/crop/10:9-16:9/169k/168662/85757850/168662_Common-Lane_IMG_07_0000_max_476x317.jpeg,nan,sale,"('52.9536852', '-1.1444723')",52.9536852,-1.1444723,112
Office for sale,https://www.rightmove.co.uk/properties/85757850#/?channel=COM_BUY,"Abbeyfield Court, Abbeyfield Road, Nottingham",FOR SALE Three self-contained high specification B1 office buildings within a courtyard development,4950000.0,32416,,"Savills, Nottingham",https://media.rightmove.co.uk:443/dir/crop/10:9-16:9/105k/104908/127783715/104908_249A6999-1DBE-4EE6-BB61-FAD3AB62B3FA_IMG_08_0001_max_476x317.jpeg,nan,sale,"('52.9536852', '-1.1444723')",52.9536852,-1.1444723,112
Commercial property for sale,https://www.rightmove.co.uk/properties/127783715#/?channel=COM_BUY,"The Midlands Student Portfolio, 160-162 Forster Street, Nottingham, NG7 3DD","A rare student accommodation investment opportunity with three purpose built blocks across Birmingham, Nottingham and Loughborough.",4500000.0,,,"Savills, Nottingham",https://media.rightmove.co.uk:443/dir/crop/10:9-16:9/105k/104908/82456746/104908_464A20F3-D5C4-46DD-A30C-774DEE2701E9_IMG_02_0000_max_476x317.jpeg,nan,sale,"('52.9536852', '-1.1444723')",52.9536852,-1.1444723,112
Commercial development for sale,https://www.rightmove.co.uk/properties/127783715#/?channel=COM_BUY,"Broadgate House, Broadgate, Beeston, NG9 2HF","Student Development Opportunity. Full planning consent for refurb & part new build to create 84 bed student development. 10 mins walk to Nottingham University. Existing vacant office building c.28,000 sq ft. 18 on site car parking spaces. Established student location",3300000.0,28000,,"HEB Property Consultants, Nottingham",https://media.rightmove.co.uk:443/dir/crop/10:9-16:9/169k/168662/127981067/168662_Broadgate-House_IMG_00_0000_max_476x317.jpeg,nan,sale,"('52.9536852', '-1.1444723')",52.9536852,-1.1444723,112
Industrial development for sale,https://www.rightmove.co.uk/properties/82456746#/?channel=COM_BUY,"Talbot House, 18-20 Bridgford Road, West Bridgford, Nottingham, NG2 6AB","The all new Talbot House Aparthotel offers 18 unique, fully furnished spacious studio apartments, each with their own identity.",3000000.0,,,"NG Chartered Surveyors, Nottingham",https://media.rightmove.co.uk:443/dir/crop/10:9-16:9/90k/89317/127068653/89317_118268-1_IMG_00_0000_max_476x317.jpeg,nan,sale,"('52.9536852', '-1.1444723')",52.9536852,-1.1444723,112
Healthcare facility for sale,https://www.rightmove.co.uk/properties/82456746#/?channel=COM_BUY,"Boden House, West Gate, Long Eaton, Derbyshire, NG10 1EG","Care facility; 30 apartments (36 beds) + ground floor offices, staff facilities & parking. Purpose built 2016, fully refurbished. Town Centre location. Boden House provides 11 under croft car parking spaces, along with staff and common areas on the ground floor. The apartments are located over...",3000000.0,22692,,shire,https://media.rightmove.co.uk:443/dir/crop/10:9-16:9/226k/225461/127811378/225461_138FH_IMG_00_0000_max_476x317.jpeg,nan,sale,"('52.9536852', '-1.1444723')",52.9536852,-1.1444723,112
Office for sale,https://www.rightmove.co.uk/properties/127981067#/?channel=COM_BUY,"COMO, Lakeview Drive, Sherwood Park, Nottingham","COMO provides 30,884 Sq ft of Grade A office accommodation, and is available freehold at £2,250,000. Situated on the Lakeview campus on Sherwood Park; Lakeview has been credited for its ""outstanding success and achievement"" for environmental sustainability. Como is the largest and most prominent ...",2250000.0,30884,,"Avison Young (UK) Limited, Offices",https://media.rightmove.co.uk:443/dir/crop/10:9-16:9/57k/56478/85427568/56478_14929FH_IMG_00_0000_max_476x317.jpeg,nan,sale,"('52.9536852', '-1.1444723')",52.9536852,-1.1444723,112
Office for sale,https://www.rightmove.co.uk/properties/127981067#/?channel=COM_BUY,"Lakeview Drive - COMO, Sherwood Park, Nottingham, Nottinghamshire","Como is the largest and most prominent of five new office buildings which make up a self contained campus at Lakeview. Current occupiers include Babcock, Nottinghamshire Police, DMT Engineering and Siemens.This stand alone, self contained office building benefits from dual frontage to a courty...",,24832,,"Innes England Ltd, Nottingham",https://media.rightmove.co.uk:443/dir/crop/10:9-16:9/90k/89794/78032202/89794_942FH_IMG_00_0000_max_476x317.jpeg,nan,sale,"('52.9536852', '-1.1444723')",52.9536852,-1.1444723,112
Commercial property for sale,https://www.rightmove.co.uk/properties/127068653#/?channel=COM_BUY,"Como - Investment, Lakeview, Sherwood Park, Nottingham, Nottinghamshire",Como is the largest and most prominent building on the five unit scheme. Its position overlooking the ornamental lakes affords occupiers an excellent opportunity for well branded headquarter offices. The high quality office building is of a modern contemporary design with large efficient floor ...,2250000.0,30884,,"Innes England Ltd, Nottingham",https://media.rightmove.co.uk:443/dir/crop/10:9-16:9/90k/89794/78032256/89794_5862FH_IMG_00_0000_max_476x317.jpeg,nan,sale,"('52.9536852', '-1.1444723')",52.9536852,-1.1444723,112
10 bedroom retail property (high street) for sale,https://www.rightmove.co.uk/properties/127068653#/?channel=COM_BUY,"Radford Road, Nottingham, Nottinghamshire, NG7",Particulars Coming Soon! Register your interest now!,,,,"R B Gates, Nationwide",https://media.rightmove.co.uk:443/dir/crop/10:9-16:9/76k/75000/125736605/75000_22AB302_IMG_00_0000_max_476x317.jpeg,10,sale,"('52.9536852', '-1.1444723')",52.9536852,-1.1444723,112
Hotel for sale,https://www.rightmove.co.uk/properties/127811378#/?channel=COM_BUY,"Mama's Inn Boutique Hotel, 124-126 Mansfield Road, Nottingham, NG1 3HL","Long Leasehold. Grade II Listed characterful boutique hotel. 10 individually themed en suite letting rooms. Adjusted profit c. £59,000. Nottingham city centre location. TripAdvistor rating of 4.5",1500000.0,,,"Christie & Co, Nottingham",https://media.rightmove.co.uk:443/dir/crop/10:9-16:9/164k/163178/120917585/163178_5740657-fh_IMG_00_0000_max_476x317.jpeg,nan,sale,"('52.9536852', '-1.1444723')",52.9536852,-1.1444723,112
80 bedroom healthcare facility for sale,https://www.rightmove.co.uk/properties/127811378#/?channel=COM_BUY,HMO OR DEVELOPMENT POTENTIAL,Former Care Home in the Heart of Nottingham City Centre Available Immediately 80 Room site with multiple uses Laid over grounds covering 1.13 Acres Offers opportunity for developing in multiple uses,1400000.0,57000,,"786 Properties, Tamworth",,80,sale,"('52.9536852', '-1.1444723')",52.9536852,-1.1444723,112
Commercial development for sale,https://www.rightmove.co.uk/properties/85427568#/?channel=COM_BUY,"Commodore Court, Unit 1 Nuthall Road, Nottingham, NG5 5DQ","For Sale by private treaty. Offers based on £1,300,000 plus VAT are sought for the long leasehold interest . A purchase at this level would reflect a net initial yield of 6.51%, after purchaser's costs of 5.99%. A Virtual Freehold Investment Opportunity let to Community Health and Eyecare...",1300000.0,,,"Bond Wolfe, Commercial Sales",https://media.rightmove.co.uk:443/dir/crop/10:9-16:9/149k/148616/125184002/148616_179513_IMG_00_0001_max_476x317.jpeg,nan,sale,"('52.9536852', '-1.1444723')",52.9536852,-1.1444723,112
Retail property (high street) for sale,https://www.rightmove.co.uk/properties/85427568#/?channel=COM_BUY,"12 Albert Street, Nottingham, Nottinghamshire",The ground floor retail unit is fitted out and ready to trade and benefits from a prominent glazed frontage onto Albert Street.,1250000.0,849,,"Innes England Ltd, Nottingham",https://media.rightmove.co.uk:443/dir/crop/10:9-16:9/90k/89794/120812024/89794_6268FH_IMG_00_0000_max_476x317.jpeg,nan,sale,"('52.9536852', '-1.1444723')",52.9536852,-1.1444723,112
Pub for sale,https://www.rightmove.co.uk/properties/78032202#/?channel=COM_BUY,"Confidential : Award Winning Nottinghamshire Pub-Restaurant , Nottinghamshire, NG1 6DQ",Confidential -Exquisite Grade II Listed Character Pub Restaurant,1250000.0,,,"Everard Cole Ltd, Nottingham",https://media.rightmove.co.uk:443/dir/crop/10:9-16:9/230k/229958/112908656/229958_d047f222-baec-4ede-9283-aa24edb0d277_IMG_00_0000_max_476x317.jpeg,nan,sale,"('52.9536852', '-1.1444723')",52.9536852,-1.1444723,112
Land for sale,https://www.rightmove.co.uk/properties/78032202#/?channel=COM_BUY,"Leatherworks, Denman Street East, Nottingham, Notts",Self-contained site bounded on all sides by public highway comprising a purpose built two storey detached property and secure yard/ car park currently used as a snooker club together with a vacant three storey period building. Nottingham City Centre is situated approximately 0.5 miles to the sou...,,17424,,"Innes England Ltd, Nottingham",https://media.rightmove.co.uk:443/dir/crop/10:9-16:9/90k/89794/124680686/89794_8130FH_IMG_00_0000_max_476x317.jpeg,nan,sale,"('52.9536852', '-1.1444723')",52.9536852,-1.1444723,112
Healthcare facility for sale,https://www.rightmove.co.uk/properties/78032256#/?channel=COM_BUY,"Valley House, St Ann's Well Road, Nottingham",The property is a striking detached predominantly single storey former doctors surgery occupying a strong roadside presence fronting St Ann's Well Road. Originally built in the 1990's to a high specification the property is of brick construction beneath a pan-tiled roof. The property is configu...,525000.0,2310,,"Innes England Ltd, Nottingham",https://media.rightmove.co.uk:443/dir/crop/10:9-16:9/90k/89794/121550669/89794_8082FH_IMG_00_0000_max_476x317.jpeg,nan,sale,"('52.9536852', '-1.1444723')",52.9536852,-1.1444723,112
Commercial property for sale,https://www.rightmove.co.uk/properties/78032256#/?channel=COM_BUY,"COMMERCIAL VEHICLE REFURBISHMENT SPECIALIST , Hucknall, Nottinghamshire","Hucknall, Nottingham.
Turnover circa £630,000 with a gross profit margin of 72%.
Offers a comprehensive range of bodywork repair services for coaches, trailers, HGVs and buses.
Customer base predominantly includes haulage companies and public transport operators.
Highly skilled and experien...",500000.0,,,"Knightsbridge Business Sales Limited, Bolton",https://media.rightmove.co.uk:443/dir/crop/10:9-16:9/91k/90616/121378646/90616_161410_IMG_00_0000_max_476x317.jpeg,nan,sale,"('52.9536852', '-1.1444723')",52.9536852,-1.1444723,112
Land for sale,https://www.rightmove.co.uk/properties/125736605#/?channel=COM_BUY,"Wigman Road, Nottingham, NG8 3JA",FOR SALE / TO LET Prime Development Land,,292723,,"Savills, Nottingham Industrial",https://media.rightmove.co.uk:443/dir/crop/10:9-16:9/215k/214094/110480921/214094_72052-1_IMG_00_0000_max_476x317.jpeg,nan,sale,"('52.9536852', '-1.1444723')",52.9536852,-1.1444723,112
Office for sale,https://www.rightmove.co.uk/properties/125736605#/?channel=COM_BUY,"Severns House, Castle Road, Nottingham",The property comprises an attractive two storey semi-detached Grade II Listed character property of traditional timber construction beneath a pitch clay tile roof with lead single glazed windows throughout. Internally the accommodation is arranged to provide offices on each floor and a kitchen a...,499000.0,988,,"Innes England Ltd, Nottingham",https://media.rightmove.co.uk:443/dir/crop/10:9-16:9/90k/89794/111124967/89794_7739FH_IMG_00_0000_max_476x317.jpeg,nan,sale,"('52.9536852', '-1.1444723')",52.9536852,-1.1444723,112
Commercial property for sale,https://www.rightmove.co.uk/properties/120917585#/?channel=COM_BUY,Social Club for sale freehold - 0.75 acre plot - NG5 9JZ,"Well appointed social club for sale as a going concern
Approx. 0.75 acre plot
Y/E 2022 net turnover circa £225k
Finance available subject to status
Owner/managers flat",495000.0,2800,,"P&F, Commercial",https://media.rightmove.co.uk:443/dir/crop/10:9-16:9/155k/154133/125734835/154133_102091001549_IMG_00_0000_max_476x317.jpeg,nan,sale,"('52.9536852', '-1.1444723')",52.9536852,-1.1444723,112
Light industrial for sale,https://www.rightmove.co.uk/properties/120917585#/?channel=COM_BUY,"2-4 Regent Street, Kimberley, NG16 2LW","Freehold light industrial unit with upper floor offices & external yard. Total accommodation 767 sq m (8,252 sq ft). Two access roller shutter doors. Good central location offering easy access to the A610 & J26 of the M1 motorway. Suitable for a range of alternative uses or redevelopment (STP",495000.0,8252,,"HEB Property Consultants, Nottingham",https://media.rightmove.co.uk:443/dir/crop/10:9-16:9/169k/168662/128388530/168662_2-4-Regent-Street_IMG_00_0000_max_476x317.jpeg,nan,sale,"('52.9536852', '-1.1444723')",52.9536852,-1.1444723,112
Business park for sale,https://www.rightmove.co.uk/properties/107333687#/?channel=COM_BUY,"21 Park Lane, Nottingham, NG6 0DW",FOR SALE - INCOME PRODUCING INVESTMENT. TWO-STOREY OFFICE/WAREHOUSE ON POPULAR BUINSESS PARK. SALE AND LEASEBACK INVESTMENT.,450000.0,3146,,"Musson Liggins Limited, Nottingham",https://media.rightmove.co.uk:443/dir/crop/10:9-16:9/100k/99739/116387324/99739_Unit21ParkLane_IMG_04_0000_max_476x317.jpeg,nan,sale,"('52.9536852', '-1.1444723')",52.9536852,-1.1444723,112
Commercial property for sale,https://www.rightmove.co.uk/properties/107333687#/?channel=COM_BUY,"Freehold Commercial Investment Property/Public House, Annesley Road, Nottingham, Nottinghamshire, NG15","Freehold Commercial Investment Property located in Hucknall. Ground floor public house (Vacant) now has full planning to convert into three flats with possible income of £16,800 pa. Four flats above producing rental income (£21,840 pa). Fully let (8.6%) return.",450000.0,,,"VERITAS BUSINESS SALES LTD, Midlands",https://media.rightmove.co.uk:443/dir/crop/10:9-16:9/157k/156764/115725527/156764_2617_IMG_00_0000_max_476x317.jpeg,nan,sale,"('52.9536852', '-1.1444723')",52.9536852,-1.1444723,112
Office for sale,https://www.rightmove.co.uk/properties/125184002#/?channel=COM_BUY,"Unit 2, Victoria Court, Nottingham, NG1 3LZ",Self-contained office building located in Nottingham City Centre,425000.0,3921,,"Savills, Nottingham Industrial",https://media.rightmove.co.uk:443/dir/crop/10:9-16:9/215k/214094/124961756/214094_68157-1_IMG_00_0000_max_476x317.jpeg,nan,sale,"('52.9536852', '-1.1444723')",52.9536852,-1.1444723,112
Light industrial for sale,https://www.rightmove.co.uk/properties/85757850#/?channel=COM_BUY,"Common Lane, Watnall, Nottingham NG16 1HD","INVESTMENT - Detached industrial unit with yard & integral office block. 260.38 sq m (2,803 sq ft). Detached unit with yard. Sought after location offering access to Nottingham and J26 of the M1. Leased until July 2025. Rent passing £19,000 per annum. Rent review July 2023.",310000.0,2803,,"HEB Property Consultants, Nottingham",https://media.rightmove.co.uk:443/dir/crop/10:9-16:9/169k/168662/85757850/168662_Common-Lane_IMG_07_0000_max_476x317.jpeg,nan,sale,"('52.9536852', '-1.1444723')",52.9536852,-1.1444723,112
Office for sale,https://www.rightmove.co.uk/properties/85757850#/?channel=COM_BUY,"79 High Street, Long Eaton, Long Eaton, Nottingham",FOR SALE Freehold Bank Investment situated in the centre of Long Eaton,350000.0,1663,,"Savills, Nottingham",https://media.rightmove.co.uk:443/dir/crop/10:9-16:9/105k/104908/127297682/104908_CDFAA32F-2CE5-4B83-94EE-ADC8F41D5D92_IMG_05_0001_max_476x317.jpeg,nan,sale,"('52.9536852', '-1.1444723')",52.9536852,-1.1444723,112
Commercial property for sale,https://www.rightmove.co.uk/properties/127297682#/?channel=COM_BUY,"Unit 1 The Waterside, West Bridgford, NG2 5FG","Self-contained, GF unit suitable for a variety of uses. Final unit remaining 165 sq m (1,785 sq ft) - BUY OR RENT. Quality open plan accommodation ready for an occupiers fit-out. Adjacent to the City Ground, home of Nottingham Forest FC. On site car parking. Fantastic road & public transport links",350000.0,1785,,"HEB Property Consultants, Nottingham",https://media.rightmove.co.uk:443/dir/crop/10:9-16:9/169k/168662/105607727/168662_Waterside-GF-Offices-SALE_IMG_01_0000_max_476x317.jpeg,nan,sale,"('52.9536852', '-1.1444723')",52.9536852,-1.1444723,112
Commercial property for sale,https://www.rightmove.co.uk/properties/127297682#/?channel=COM_BUY,"Kennels, Cattery & Equestrian businesses, Nottinghamshire","CATTERY, LICENSED FOR 34 CATS
13 Cat Pens (Ten Individual, Two Family & One Isolation Chalet)
Tranquil, Suburb Location
Separate Two Bedroom Bungalow
Net Profits Available Upon Request
Annual Turnover £44,000
REF 586855. EPC Band D.
Business and Property £349,950
Nottingham",349950.0,,,"Ernest Wilson & Co Limited, EW Leeds",https://media.rightmove.co.uk:443/dir/crop/10:9-16:9/154k/153122/114181931/153122_586855_IMG_00_0001_max_476x317.jpeg,nan,sale,"('52.9536852', '-1.1444723')",52.9536852,-1.1444723,112
Workshop for sale,https://www.rightmove.co.uk/properties/105607727#/?channel=COM_BUY,"Hardware, Household & DIY, Nottinghamshire","HARDWARE AND DIY Showing Adjusted Net Profits in Excess of £230,000
Operated by the Same Family for Over 100 Years Sale Due To Retirement
Includes Fantastic E-Commerce Website
Annual Turnover £955,737
REF 587364. EPC Band D. Business £349,950
Nottingham",349950.0,,,"Ernest Wilson & Co Limited, EW Leeds",https://media.rightmove.co.uk:443/dir/crop/10:9-16:9/154k/153122/124248632/153122_587364_IMG_00_0001_max_476x317.jpeg,nan,sale,"('52.9536852', '-1.1444723')",52.9536852,-1.1444723,112
Commercial property for sale,https://www.rightmove.co.uk/properties/105607727#/?channel=COM_BUY,"Retail, Online Business, Online Business","PROMOTIONAL MODEL VEHICLES BUSINESS
Specialising in Model Trucks and Trailers
Interesting and Easily Run Business
All Models are Officially Licensed
Scope to Expand into Other Model Sectors
Net Profits Adjusted to £175,830
Annual Turnover Circa £650,000
REF 587327. EPC Exempt.
Business, Offers A...",325000.0,,,"Ernest Wilson & Co Limited, EW Leeds",https://media.rightmove.co.uk:443/dir/crop/10:9-16:9/154k/153122/125503967/153122_587327_IMG_00_0001_max_476x317.jpeg,nan,sale,"('52.9536852', '-1.1444723')",52.9536852,-1.1444723,112
Light industrial for sale,https://www.rightmove.co.uk/properties/114181931#/?channel=COM_BUY,"Common Lane, Watnall, Nottingham NG16 1HD","INVESTMENT - Detached industrial unit with yard & integral office block. 260.38 sq m (2,803 sq ft). Detached unit with yard. Sought after location offering access to Nottingham and J26 of the M1. Leased until July 2025. Rent passing £19,000 per annum. Rent review July 2023.",310000.0,2803,,"HEB Property Consultants, Nottingham",https://media.rightmove.co.uk:443/dir/crop/10:9-16:9/169k/168662/85757850/168662_Common-Lane_IMG_07_0000_max_476x317.jpeg,nan,sale,"('52.9536852', '-1.1444723')",52.9536852,-1.1444723,112
Commercial property for sale,https://www.rightmove.co.uk/properties/114181931#/?channel=COM_BUY,"3 & 3a Radford Road, Nottingham, Nottinghamshire",The subject premises comprises of a three storey building of brick construction beneath a slate pitched roof. The property comprises of a ground floor and basement retail unit with a three-bedroom maisonette above. The residential accommodation is accessed from the rear of the property via an acc...,250000.0,999,,"Innes England Ltd, Nottingham",https://media.rightmove.co.uk:443/dir/crop/10:9-16:9/90k/89794/107595446/89794_7957FH_IMG_00_0000_max_476x317.jpeg,nan,sale,"('52.9536852', '-1.1444723')",52.9536852,-1.1444723,112
Light industrial for sale,https://www.rightmove.co.uk/properties/124248632#/?channel=COM_BUY,"Gracol House, 15 Mount Street, New Basford, Nottingham, Nottinghamshire",The property comprises a detached industrial unit with dual access from Mount Street. The accommodation comprises a two storey office block on the front elevation with warehouse space to the rear. The property has access via a roller shutter door on the side elevation or by a pedestrian door on ...,210000.0,2926,,"Innes England Ltd, Nottingham",https://media.rightmove.co.uk:443/dir/crop/10:9-16:9/90k/89794/127560260/89794_8153FH_IMG_00_0000_max_476x317.jpeg,nan,sale,"('52.9536852', '-1.1444723')",52.9536852,-1.1444723,112
2 bedroom takeaway for sale,https://www.rightmove.co.uk/properties/124248632#/?channel=COM_BUY,"Leasehold Fish & Chip Takeaway, Loughborough Road, Nottingham, Nottinghamshire, NG2 7JR","Leasehold Fish & Chip Takeaway located in West Bridgford, Nottingham. Comes with  two bedroom accommodation above.  Prominent main road location. A £100K refit was undertaken in 2017.",199950.0,,,"VERITAS BUSINESS SALES LTD, Midlands",https://media.rightmove.co.uk:443/dir/crop/10:9-16:9/157k/156764/117059051/156764_2628_IMG_00_0000_max_476x317.jpeg,2,sale,"('52.9536852', '-1.1444723')",52.9536852,-1.1444723,112
Takeaway for sale,https://www.rightmove.co.uk/properties/125503967#/?channel=COM_BUY,"182 Southchurch Drive, Nottinghamshire","This is a great opportunity to purchase an already established and successful fish bar in an ideal location in Nottingham. Situated within a busy area of Nottingham, the fish shop has plenty of footfall due to its perfect location within a busy shopping parade in Clifton. The business sells...",195000.0,,,"Intelligent Business Partners Ltd, National",https://media.rightmove.co.uk:443/dir/crop/10:9-16:9/68k/67275/124278929/67275_67275-INT2020_IMG_00_0000_max_476x317.jpeg,nan,sale,"('52.9536852', '-1.1444723')",52.9536852,-1.1444723,112
Restaurant for sale,https://www.rightmove.co.uk/properties/125503967#/?channel=COM_BUY,"Fish & Chips, West Bridgford, Nottinghamshire","FISH AND CHIP OUTSALES
Densely Populated Area. Easy Parking
Superbly Equipped with a Four Pan Counter Range Two Bedroom Self-Contained Flat Sub-Let for £8,400 per Annum VIEWING IS A MUST TO FULLY APPRECIATE THIS CONCERN
Weekly Turnover £7,000 to £8,000
REF 585490. EPC Band C.
Business £180,00...",180000.0,,,"Ernest Wilson & Co Limited, EW Leeds",https://media.rightmove.co.uk:443/dir/crop/10:9-16:9/154k/153122/89524615/153122_585490_IMG_00_0001_max_476x317.jpeg,nan,sale,"('52.9536852', '-1.1444723')",52.9536852,-1.1444723,112
Retail property (high street) for sale,https://www.rightmove.co.uk/properties/85757850#/?channel=COM_BUY,"70 Chilwell Road, Beeston, Nottingham",A high street retail unit for sale by Private Treaty. There is pedestrian entrance door to the right-hand side of the glazed shop frontage between an electric roller shutter.,165000.0,,,"John Pye Property, Nottingham",https://media.rightmove.co.uk:443/dir/crop/10:9-16:9/154k/153680/128687390/153680_PROP99_IMG_00_0000_max_476x317.jpeg,nan,sale,"('52.9536852', '-1.1444723')",52.9536852,-1.1444723,112
Restaurant for sale,https://www.rightmove.co.uk/properties/85757850#/?channel=COM_BUY,"Restaurants, Hucknall, Nottinghamshire","ITALIAN RESTAURANT
Offering Scope to Grow the Business
Large Bar and Dining Areas
Seating for up to 150 Covers Plenty of Car Parking Space Weekly Turnover £14,000
REF 588420. EPC Band C.
Business £154,950
Nottingham ",154950.0,,,"Ernest Wilson & Co Limited, EW Leeds",https://media.rightmove.co.uk:443/dir/crop/10:9-16:9/154k/153122/125260706/153122_588420_IMG_00_0001_max_476x317.jpeg,nan,sale,"('52.9536852', '-1.1444723')",52.9536852,-1.1444723,112
3 bedroom takeaway for sale,https://www.rightmove.co.uk/properties/107595446#/?channel=COM_BUY,"Leasehold Fish & Chip Takeaway, Queens Road, Nottingham, Nottinghamshire, NG9 2FF","Leasehold Fish & Chip Takeaway Located In Beeston, Nottingham. Three bedroom accommodation above.",149950.0,,,"VERITAS BUSINESS SALES LTD, Midlands",https://media.rightmove.co.uk:443/dir/crop/10:9-16:9/157k/156764/127343465/156764_2779_IMG_10_0000_max_476x317.jpeg,3,sale,"('52.9536852', '-1.1444723')",52.9536852,-1.1444723,112
Convenience store for sale,https://www.rightmove.co.uk/properties/107595446#/?channel=COM_BUY,"Undisclosed, Nottinghamshire",RB Gates Nationwide are pleased to present this superb village off licence for sale ideally located within a village surrounded by a large residential area and busy commercial units providing plenty of local trade in a low competition environment. This shop would be ideal for first time business...,130000.0,496,,"R B Gates, Nationwide",https://media.rightmove.co.uk:443/dir/crop/10:9-16:9/76k/75000/75385122/75000_20AB260_IMG_00_0000_max_476x317.jpeg,nan,sale,"('52.9536852', '-1.1444723')",52.9536852,-1.1444723,112
Takeaway for sale,https://www.rightmove.co.uk/properties/127560260#/?channel=COM_BUY,"Leasehold Fish & Chip Takeaway, Hickings Lane, Nottingham, Nottinghamshire, NG9 8PJ","Leasehold Fish & Chip Takeaway located in Stapleford, Nottingham. Fully fitted concern with further potential.",129950.0,,,"VERITAS BUSINESS SALES LTD, Midlands",https://media.rightmove.co.uk:443/dir/crop/10:9-16:9/157k/156764/125435126/156764_2733_IMG_02_0000_max_476x317.jpeg,nan,sale,"('52.9536852', '-1.1444723')",52.9536852,-1.1444723,112
Commercial property for sale,https://www.rightmove.co.uk/properties/127560260#/?channel=COM_BUY,"9 Glaisdale Drive East, Bilborough, Nottingham, 9 Glaisdale Drive East, Bilborough",Industrial Long Leasehold Investment For Sale,125000.0,15247,,"Savills, Nottingham",https://media.rightmove.co.uk:443/dir/crop/10:9-16:9/105k/104908/126982004/104908_C4FE3D4B-3FC3-4261-B7F8-208BE550485F_IMG_07_0001_max_476x317.jpeg,nan,sale,"('52.9536852', '-1.1444723')",52.9536852,-1.1444723,112
Garage for sale,https://www.rightmove.co.uk/properties/117059051#/?channel=COM_BUY," Nottingham, Nottinghamshire, NG4",Well established MOT/Repair Garage business for sale,94999.0,,,"Hilton Smythe, Bolton",https://media.rightmove.co.uk:443/dir/crop/10:9-16:9/151k/150767/107302919/150767_B06162_IMG_00_0001_max_476x317.jpeg,nan,sale,"('52.9536852', '-1.1444723')",52.9536852,-1.1444723,112
Residential development for sale,https://www.rightmove.co.uk/properties/117059051#/?channel=COM_BUY,"Ingram Road, Nottingham, Nottinghamshire, NG6 9GS",For Sale By Online Auction. Terms and conditions apply. The subject property briefly comprises and end of terrace residential property which was subject to a gas explosion. The property therefore offers a unique opportunity to either renovate and refurbish the existing property or alternative...,85000.0,100,,"Pattinsons, Wallsend",https://media.rightmove.co.uk:443/dir/crop/10:9-16:9/252k/251528/127283261/251528_388484_IMG_00_0000_max_476x317.png,nan,sale,"('52.9536852', '-1.1444723')",52.9536852,-1.1444723,112
Restaurant for sale,https://www.rightmove.co.uk/properties/124278929#/?channel=COM_BUY,"Hot Food Take Away, Nottinghamshire","HOT FOOD TAKEAWAY Main Road Position in a Densely Populated Student Area
60% Trade from Collections and 40% from Deliveries
Very Well Fitted and Equipped
First Floor Accommodation Returning £800 per Calendar Month
Weekly Turnover £6,000 to £7,000
REF 588578. EPC Band E.
Business £85,000
Notting...",85000.0,,,"Ernest Wilson & Co Limited, EW Leeds",https://media.rightmove.co.uk:443/dir/crop/10:9-16:9/154k/153122/127958681/153122_588578_IMG_00_0000_max_476x317.jpeg,nan,sale,"('52.9536852', '-1.1444723')",52.9536852,-1.1444723,112
Cafe for sale,https://www.rightmove.co.uk/properties/124278929#/?channel=COM_BUY,"Cafe & Sandwich Bars, Chilwell, Nottinghamshire","COFFEE SHOP Busy Town Retail Park Location
Lots of Footfall Guaranteed
Excellent Reputation And Reviews
Great Team of Staff
Genuine Reason for Sale Weekly Turnover £3,500
REF 587391. EPC Band B.
Business £69,950
Nottingham",69950.0,,,"Ernest Wilson & Co Limited, EW Leeds",https://media.rightmove.co.uk:443/dir/crop/10:9-16:9/154k/153122/124806734/153122_587391_IMG_00_0001_max_476x317.jpeg,nan,sale,"('52.9536852', '-1.1444723')",52.9536852,-1.1444723,112
Convenience store for sale,https://www.rightmove.co.uk/properties/89524615#/?channel=COM_BUY,"Premier Express, 30 Wollaton Road, Nottingham, NG8 1FD",Leasehold. Lock-up Unit. Fronts the busy A609. Main Road in and out of the City Centre. Popular Student Area. Potential to increase trade,65000.0,,,"Christie & Co, Nottingham",https://media.rightmove.co.uk:443/dir/crop/10:9-16:9/164k/163178/128428505/163178_5710844-lh_IMG_00_0000_max_476x317.jpeg,nan,sale,"('52.9536852', '-1.1444723')",52.9536852,-1.1444723,112
3 bedroom pub for sale,https://www.rightmove.co.uk/properties/89524615#/?channel=COM_BUY,DERBYSHIRE - SAWLEY,"Ref: 8240L Well presented traditional Inn located within easy reach of the highly popular Marina in the village of Sawley. Bar, Lounge, Alfresco area.",50000.0,,,"Guy Simmonds Business Transfers Limited, National Licensed Property",https://media.rightmove.co.uk:443/dir/crop/10:9-16:9/177k/176885/111549467/176885_8240_IMG_00_0000_max_476x317.jpeg,3,sale,"('52.9536852', '-1.1444723')",52.9536852,-1.1444723,112
Data centre for sale,https://www.rightmove.co.uk/properties/128687390#/?channel=COM_BUY,"Castle Place, Nottingham, Nottinghamshire, NG1","Recruitment & Training ConsultancyCity Centre Office, MidlandsNationwide coverageOffers Over £50,000 leasehold",50000.0,,,"Nationwide Business Sales LTD, Castleford",https://media.rightmove.co.uk:443/dir/crop/10:9-16:9/241k/240671/116738498/240671_recruitment_IMG_00_0000_max_476x317.jpeg,nan,sale,"('52.9536852', '-1.1444723')",52.9536852,-1.1444723,112
Shop for sale,https://www.rightmove.co.uk/properties/118826645#/?channel=COM_BUY,"Nottingham, Nottinghamshire, NG1",Well known Franchise For Sale ***Quick Sale***,49995.0,,,"Hilton Smythe, Bolton",https://media.rightmove.co.uk:443/dir/crop/10:9-16:9/151k/150767/118826645/150767_B06691_IMG_00_0000_max_476x317.jpeg,nan,sale,"('52.9536852', '-1.1444723')",52.9536852,-1.1444723,112
Retail property (high street) for sale,https://www.rightmove.co.uk/properties/118826645#/?channel=COM_BUY,"Nottingham, Nottinghamshire, NG1",Long Established Bridal Wear And Millinery Concern,39995.0,,,"Hilton Smythe, Bolton",https://media.rightmove.co.uk:443/dir/crop/10:9-16:9/151k/150767/63500157/150767_2631F_IMG_01_0000_max_476x317.jpeg,nan,sale,"('52.9536852', '-1.1444723')",52.9536852,-1.1444723,112
Land for sale,https://www.rightmove.co.uk/properties/63500157#/?channel=COM_BUY,"Land between Regent Street and Lawrence Street, Long Eaton, Nottingham NG10 1JX",For sale on 24 November 2022 The National Property Auction will be conducted behind closed doors. The auction will be live-streamed online with remote bidding only. Registration for bidding will close at 12pm the day before the auction. The auction will commence at 10:00.,35000.0,,,"SDL Property Auctions - Commercial, Nationwide",https://media.rightmove.co.uk:443/dir/crop/10:9-16:9/231k/230138/128121122/230138_202210171226sq_rp5e_IMG_00_0000_max_476x317.jpeg,nan,sale,"('52.9536852', '-1.1444723')",52.9536852,-1.1444723,112
Shop for sale,https://www.rightmove.co.uk/properties/63500157#/?channel=COM_BUY,"Nottingham, Nottinghamshire, NG5","Well Established Florist, Grocers and Sandwich Shop For Sale",29999.0,,,"Hilton Smythe, Bolton",https://media.rightmove.co.uk:443/dir/crop/10:9-16:9/151k/150767/115203233/150767_B06518_IMG_00_0000_max_476x317.jpeg,nan,sale,"('52.9536852', '-1.1444723')",52.9536852,-1.1444723,112
Pub for sale,https://www.rightmove.co.uk/properties/128121122#/?channel=COM_BUY,NOTTINGHAM,Ref: 8436L Unique & highly desirable 'Free of Tie' Bar & Restaurant located in the affluent popular historic Castle Quarter in the heart of the City of Nottingham.,25000.0,,,"Guy Simmonds Business Transfers Limited, National Licensed Property",https://media.rightmove.co.uk:443/dir/crop/10:9-16:9/177k/176885/126863981/176885_8436_IMG_00_0000_max_476x317.jpeg,nan,sale,"('52.9536852', '-1.1444723')",52.9536852,-1.1444723,112
Cafe for sale,https://www.rightmove.co.uk/properties/128121122#/?channel=COM_BUY,"Cafe No5, Derbyshire","This is a unique opportunity to acquire a popular and thriving coffee shop, which has a brilliant location in Long Eaton, Derbyshire. The business was first established in 2013 and has operated successfully over the years, whilst also gaining a loyal, repeat customer base and building up an e...",25000.0,,,"Intelligent Business Partners Ltd, National",https://media.rightmove.co.uk:443/dir/crop/10:9-16:9/68k/67275/119965229/67275_67275-INT1811_IMG_00_0000_max_476x317.jpeg,nan,sale,"('52.9536852', '-1.1444723')",52.9536852,-1.1444723,112
Shop for sale,https://www.rightmove.co.uk/properties/115203233#/?channel=COM_BUY," Nottingham, Nottinghamshire, NG3",Reputable Cobbler/Key Cutters For Sale,24995.0,,,"Hilton Smythe, Bolton",https://media.rightmove.co.uk:443/dir/crop/10:9-16:9/151k/150767/125838911/150767_B07009_IMG_00_0000_max_476x317.jpeg,nan,sale,"('52.9536852', '-1.1444723')",52.9536852,-1.1444723,112
Takeaway for sale,https://www.rightmove.co.uk/properties/115203233#/?channel=COM_BUY,"15 Lawrence Ave, Nottinghamshire","This is a brilliant opportunity to take on a popular fast food takeaway in Nottingham. Having bought and re-opened the business in 2018, the current owner has worked hard to ensure the takeaway has a loyal customer base through offering a wide menu of popular fast food items. Providing hig...",20000.0,,,"Intelligent Business Partners Ltd, National",https://media.rightmove.co.uk:443/dir/crop/10:9-16:9/68k/67275/119816723/67275_67275-R07257_IMG_01_0000_max_476x317.jpeg,nan,sale,"('52.9536852', '-1.1444723')",52.9536852,-1.1444723,112
Land for sale,https://www.rightmove.co.uk/properties/126863981#/?channel=COM_BUY,"Broad Valley Farm, Park Road , Bestwood Village, Nottingham, Nottinghamshire, NG6 8UG",An opportunity to enter into a Promotion Agreement on Land extending to approximately 23.85 acres. The land is currently unallocated and adjoins housing and a new build development. The site falls within the planning jurisdiction of Gedling Borough Council.,,1038906,,"Brown & Co, Lincoln",https://media.rightmove.co.uk:443/dir/crop/10:9-16:9/233k/232703/126291569/232703_433298FH_IMG_00_0000_max_476x317.jpeg,nan,sale,"('52.9536852', '-1.1444723')",52.9536852,-1.1444723,112
Office for sale,https://www.rightmove.co.uk/properties/126863981#/?channel=COM_BUY,"Former Harts Restaurant, Park Row, Nottingham","Impressive building forming part of the Royal Standard Place Development of high quality residential apartments, Harts Hotel, and the subject premises which were traded as an award winning restaurant. The property is currently laid out with a ground floor restaurant with kitchen and private dini...",,9494,,"Innes England Ltd, Nottingham",https://media.rightmove.co.uk:443/dir/crop/10:9-16:9/90k/89794/78032484/89794_7498FH_IMG_00_0000_max_476x317.jpeg,nan,sale,"('52.9536852', '-1.1444723')",52.9536852,-1.1444723,112
Distribution warehouse for sale,https://www.rightmove.co.uk/properties/119965229#/?channel=COM_BUY,"EM262, Forbes Close, Fields Farm Road, Long Eaton, East Midlands, NG10","The property comprises a detached three-bay warehouse constructed of steel portal frame with insulated profile steel clad elevations and roof. The property benefits from a two-storey ancillary office block on the front (north-west) elevation. The current fit-out includes lighting, heating and s...",,261904,,"Lambert Smith Hampton, London",https://media.rightmove.co.uk:443/dir/crop/10:9-16:9/183k/182516/114135959/182516_2048427FH_IMG_00_0000_max_476x317.jpeg,nan,sale,"('52.9536852', '-1.1444723')",52.9536852,-1.1444723,112
Pub for sale,https://www.rightmove.co.uk/properties/119965229#/?channel=COM_BUY,"Licenced Trade, Pubs & Clubs, Nottinghamshire","BAR PREMISES City Centre Bar with a Beer Garden
Superb Location with a Very High Student Population
Very Well Fit Out and Operational
Small Amount of On-Street Seating to the Front
REF 588511. Nil Premium
Nottingham",,,,"Ernest Wilson & Co Limited, EW Leeds",https://media.rightmove.co.uk:443/dir/crop/10:9-16:9/154k/153122/126906677/153122_588511_IMG_00_0000_max_476x317.jpeg,nan,sale,"('52.9536852', '-1.1444723')",52.9536852,-1.1444723,112
Distribution warehouse for sale,https://www.rightmove.co.uk/properties/125838911#/?channel=COM_BUY,"Harrier Park, Watnall Road, Nottingham, NG15 6EP","For Sale/To Let - New Business Park Development - Able to Accommodate 40,000 - 300,000 Sq Ft on a Built to Suit Basis A new business park accessed via a new link road from the Hucknall By Pass, located adjacent to Rolls-Royce Hucknall site. Occupier requirements can be accommodated on a build t...",,300000,,"Knight Frank, Sheffield",https://media.rightmove.co.uk:443/dir/crop/10:9-16:9/156k/155519/95954147/155519_CPD207070_IMG_01_0001_max_476x317.jpg,nan,sale,"('52.9536852', '-1.1444723')",52.9536852,-1.1444723,112
Light industrial for sale,https://www.rightmove.co.uk/properties/125838911#/?channel=COM_BUY,"Total Park, Enterprise Way, Langley Mill, NG16 3RU",A new build industrial/logistics development,,44000,,"NG Chartered Surveyors, Nottingham",https://media.rightmove.co.uk:443/dir/crop/10:9-16:9/90k/89317/123007586/89317_92400-1_IMG_00_0000_max_476x317.jpeg,nan,sale,"('52.9536852', '-1.1444723')",52.9536852,-1.1444723,112
Commercial property for sale,https://www.rightmove.co.uk/properties/119816723#/?channel=COM_BUY,"A PROMINENT SUPPLIER OF PLUMBING AND HEATING EQUIPMENT, Netherfield, Nottingham","Nottingham.
Turnover in excess of £533,000.
Provides a wide range of plumbing and heating materials for trade customers.
Has a reputation as a major stockist of mains water pipes and fittings.
Works with a strong network of customers.
Benefits from experienced staff.
Operates from leasehold...",,,,"Knightsbridge Business Sales Limited, Bolton",https://media.rightmove.co.uk:443/dir/crop/10:9-16:9/91k/90616/127077878/90616_161678_IMG_00_0000_max_476x317.jpeg,nan,sale,"('52.9536852', '-1.1444723')",52.9536852,-1.1444723,112
Takeaway for sale,https://www.rightmove.co.uk/properties/119816723#/?channel=COM_BUY,"A HIGHLY REPUTABLE COFFEE SHOP AND CAFÉ, Ripley","Ripley, Derby T/O £29,000, Excellent reputation with 5* reviews Fully refurbished with good quality fixtures & fittings
Superb location
Currently only trading 3 days a week, huge scope to expand opening hours
Scope in developing the menu and introducing a takeaway and delivery service
...",,,,"Knightsbridge Business Sales Limited, Bolton",https://media.rightmove.co.uk:443/dir/crop/10:9-16:9/91k/90616/113563964/90616_162526_IMG_00_0000_max_476x317.jpeg,nan,sale,"('52.9536852', '-1.1444723')",52.9536852,-1.1444723,112
Office for sale,https://www.rightmove.co.uk/properties/126291569#/?channel=COM_BUY,"Mercury House, Evo Park, Little Oak Drive, Sherwood Park, Nottingham, NG15 0DR",High quality self-contained office,,12806,,"NG Chartered Surveyors, Nottingham",https://media.rightmove.co.uk:443/dir/crop/10:9-16:9/90k/89317/123008087/89317_92407-1_IMG_00_0000_max_476x317.jpeg,nan,sale,"('52.9536852', '-1.1444723')",52.9536852,-1.1444723,112
Office for sale,https://www.rightmove.co.uk/properties/126291569#/?channel=COM_BUY,"5-11 Colwick Road, West Bridgford, Nottingham","The properties comprise 4 three storey former residential period style properties with numbers 5, 7 & 9 having undergone conversion into office accommodation. To the rear lies a tarmacadam car park (although directly behind unit 11 the external space is covered in pea gravel). At the ground fl...",,,,"Innes England Ltd, Nottingham",https://media.rightmove.co.uk:443/dir/crop/10:9-16:9/90k/89794/121722359/89794_8085FH_IMG_00_0000_max_476x317.jpeg,nan,sale,"('52.9536852', '-1.1444723')",52.9536852,-1.1444723,112
Office for sale,https://www.rightmove.co.uk/properties/78032484#/?channel=COM_BUY,"Pod 4, Evo Business Park, Little Oak Drive, Sherwood Park, Nottingham, NG15 0EB",HQ style hybrid unit,,12488,,"NG Chartered Surveyors, Nottingham",https://media.rightmove.co.uk:443/dir/crop/10:9-16:9/90k/89317/123008411/89317_91941-1_IMG_00_0000_max_476x317.jpeg,nan,sale,"('52.9536852', '-1.1444723')",52.9536852,-1.1444723,112
Plot for sale,https://www.rightmove.co.uk/properties/78032484#/?channel=COM_BUY,"Melton Road, Edwalton, Nottingham, Nottinghamshire, NG12",A wonderful building plot with planning permission granted for a 5 bedroom detached home in a highly sought after location. (Computer generated images of the proposed development),1200000.0,,,"Savills, Nottingham",https://media.rightmove.co.uk:443/dir/crop/10:9-16:9/37k/36248/126213722/36248_NTS220248_IMG_14_0000_max_476x317.jpeg,nan,sale,"('52.9536852', '-1.1444723')",52.9536852,-1.1444723,112
Land for sale,https://www.rightmove.co.uk/properties/114135959#/?channel=COM_BUY,"Lambley Lane, Gedling, Nottingham, NG4","Offers are invited for this greenfield potential development site to the market, the subject site is located on Lambley Lane, Gedling. The site has had a positive assessment by the Strategic Housing Land Availability Assessment for between 5 to 15 homes under the reference of G1188 through Gedlin...",,,,"Frank Innes, Mapperley",https://media.rightmove.co.uk:443/dir/crop/10:9-16:9/76k/75352/128358992/75352_LNH220019_IMG_00_0000_max_476x317.jpeg,nan,sale,"('52.9536852', '-1.1444723')",52.9536852,-1.1444723,112
Land for sale,https://www.rightmove.co.uk/properties/114135959#/?channel=COM_BUY,"Lambley Lane, Gedling, Nottingham, NG4","Offers are invited for this greenfield potential development site to the market, the subject site is located on Lambley Lane, Gedling. The site has had a positive assessment by the Strategic Housing Land Availability Assessment for between 5 to 15 homes under the reference of G1188 through Gedlin...",,,,"Bairstow Eves, Nottingham",https://media.rightmove.co.uk:443/dir/crop/10:9-16:9/1k/307/128401811/307_LNH220025_IMG_02_0000_max_476x317.jpeg,nan,sale,"('52.9536852', '-1.1444723')",52.9536852,-1.1444723,112
Plot for sale,https://www.rightmove.co.uk/properties/126906677#/?channel=COM_BUY,"Lambley Lane, Burton Joyce, Nottinghamshire, NG14 5BG","GUIDE PRICE £850,000 - £900,000 AN EXCITING DEVELOPMENT OPPORTUNITY... The owners of this site began with a vision to create a development like no other in Nottinghamshire and having being meticulously designed and planned by a collaboration of the development owners and a loca...",850000.0,,,"HoldenCopley, West Bridgford",https://media.rightmove.co.uk:443/dir/crop/10:9-16:9/224k/223187/111129953/223187_30842503_IMG_00_0000_max_476x317.jpeg,nan,sale,"('52.9536852', '-1.1444723')",52.9536852,-1.1444723,112
Plot for sale,https://www.rightmove.co.uk/properties/126906677#/?channel=COM_BUY,"Babbington, Nottingham, NG16","A superb development opportunity, 1 acre development site with planning for 5 dwellings.",795000.0,,,"Savills, Nottingham",https://media.rightmove.co.uk:443/dir/crop/10:9-16:9/37k/36248/126488579/36248_NTS220229_IMG_00_0000_max_476x317.jpeg,nan,sale,"('52.9536852', '-1.1444723')",52.9536852,-1.1444723,112
Land for sale,https://www.rightmove.co.uk/properties/125636771#/?channel=COM_BUY,"Arnold Lane, Gedling, Nottingham",Development Opportunity * SUBSTANTIAL OUTBUILDING * Farmhouse With Scope For Renovation* PLANNING for Four Detached Properties* Popular Location * ,700000.0,,,"Lesley Greaves Estate Agents, Nottingham",https://media.rightmove.co.uk:443/dir/crop/10:9-16:9/126k/125602/125636771/125602_100084005726_IMG_08_0001_max_476x317.jpeg,nan,sale,"('52.9536852', '-1.1444723')",52.9536852,-1.1444723,112
Land for sale,https://www.rightmove.co.uk/properties/125636771#/?channel=COM_BUY,"West Street, Hucknall, Nottinghamshire, NG15","**Investment/Development Opportunity** Close to Heart of Hucknall Town Centre. Outline Application With All Matters Reserved for Construction of 9 Dwellings With Associated Access, Car Parking and Amenity Space. Planning Application Reference Number: V/2018/0734",675000.0,,,"Need 2 View, Nottingham",https://media.rightmove.co.uk:443/dir/crop/10:9-16:9/16k/15326/98013056/15326_SunbeamHouseWestStreet_IMG_03_0000_max_476x317.png,nan,sale,"('52.9536852', '-1.1444723')",52.9536852,-1.1444723,112
Land for sale,https://www.rightmove.co.uk/properties/98013056#/?channel=COM_BUY,"Derwent Crescent, Arnold, Nottingham",POTENTIAL DEVELOPMENT OPPORTUNITY!! (subject to planning). Great location on the outskirts of Arnold and just a short drive from open countryside. Mapperley's thriving shopping area is only about half a mile away.,650000.0,,,"Marriotts Estate Agents Ltd, Mapperley",https://media.rightmove.co.uk:443/dir/crop/10:9-16:9/7k/6565/123984848/6565_31573122_IMG_00_0000_max_476x317.jpeg,nan,sale,"('52.9536852', '-1.1444723')",52.9536852,-1.1444723,112
Land for sale,https://www.rightmove.co.uk/properties/98013056#/?channel=COM_BUY,"Clayton Court, Nottingham",Development Site with Planning Consent for apartments ,,,,"FHP Living, West Bridgford",https://media.rightmove.co.uk:443/dir/crop/10:9-16:9/78k/77962/124933499/77962_102431014384_IMG_00_0000_max_476x317.jpeg,nan,sale,"('52.9536852', '-1.1444723')",52.9536852,-1.1444723,112
Warehouse for sale,https://www.rightmove.co.uk/properties/123984848#/?channel=COM_BUY,"Beech Avenue, Long Eaton","PRICE GUIDE £500-525,000 A rare opportunity has arisen to purchase a substantial freehold industrial unit offering a LARGE Showroom with storage. The property has PLANNING PASSED for a development of 10 apartments. Planning Application Number 0122/0011 The site is being sold...",500000.0,,,"Robert Ellis, Long Eaton",https://media.rightmove.co.uk:443/dir/crop/10:9-16:9/7k/6065/127290788/6065_31811207_IMG_00_0000_max_476x317.jpeg,nan,sale,"('52.9536852', '-1.1444723')",52.9536852,-1.1444723,112
Plot for sale,https://www.rightmove.co.uk/properties/123984848#/?channel=COM_BUY,"Lambley Lane, Burton Joyce, Nottinghamshire, NG14 5BG","AN EXCITING DEVELOPMENT OPPORTUNITY... The owners of this site began with a vision to create a development like no other in Nottinghamshire and having being meticulously designed and planned by a collaboration of the development owners and a local architect, there really is no developme...",490000.0,,,"HoldenCopley, West Bridgford",https://media.rightmove.co.uk:443/dir/crop/10:9-16:9/224k/223187/121446173/223187_31372153_IMG_00_0000_max_476x317.jpeg,nan,sale,"('52.9536852', '-1.1444723')",52.9536852,-1.1444723,112
Commercial property for sale,https://www.rightmove.co.uk/properties/124933499#/?channel=COM_BUY,"Graylands Road, Nottingham, NG8","*** UNIQUE BUSINESS OPPORTUNITY *** Glaisdale Cat Lodge is one of Nottingham's privately owned Cat Hotels now available to purchase! This plot features a residential 2 bedroom bungalow and is a 5* licenced premises with purpose built, cattery accommodation within the grounds. The chalets...",349950.0,,,"Smooth Moves, Mapperley",https://media.rightmove.co.uk:443/dir/crop/10:9-16:9/78k/77107/113173016/77107_9647564_IMG_00_0000_max_476x317.jpeg,nan,sale,"('52.9536852', '-1.1444723')",52.9536852,-1.1444723,112
Plot for sale,https://www.rightmove.co.uk/properties/124933499#/?channel=COM_BUY,"Bridle Road, Burton Joyce",** LEVEL BUILDING PLOT ** PLANNING PERMISSION GRANTED FOR 3000 SQ FT DETACHED CHALET STYLE PROPERTY ** SPACE FOR DOUBLE GARAGE - SUBJECT TO PLANNING PERMISSION ** PLOT IN THE REGION OF 849 SQ M ** WESTERLY ASPECT ** ESTABLISHED TREES ** DELIGHTFUL SETTING ** UNIQUE OPPORTUNITY **,325000.0,3000,,"Richard Watkinson & Partners, Bingham",https://media.rightmove.co.uk:443/dir/crop/10:9-16:9/4k/3336/106123775/3336_30603026_IMG_14_0000_max_476x317.jpeg,nan,sale,"('52.9536852', '-1.1444723')",52.9536852,-1.1444723,112
2 bedroom retail property (high street) for sale,https://www.rightmove.co.uk/properties/127290788#/?channel=COM_BUY,"Yorke Street, Hucknall, Nottinghamshire, NG15",This stunning property is located in a popular area of Hucknall close to the town centre.The property consists of a commercial bar covering the ground floor and basement and a two bedroom flat above.,300000.0,,,"Need 2 View, Nottingham",https://media.rightmove.co.uk:443/dir/crop/10:9-16:9/16k/15326/127160384/15326_2YorkeStreett_IMG_14_0000_max_476x317.jpeg,2,sale,"('52.9536852', '-1.1444723')",52.9536852,-1.1444723,112
Commercial property for sale,https://www.rightmove.co.uk/properties/127290788#/?channel=COM_BUY,"Wharfedale Road, Long Eaton, NG10",*Fantastic INVESTMENT opportunity* Hairdressers/Beauty Salon* TWO self contained FLATS (One and Two beds)* Highly desirable location* GARAGE* Allocated PARKING* Close to local amenities* Excellent transport links* ,300000.0,,,"Belvoir Sales, Long Eaton",https://media.rightmove.co.uk:443/dir/crop/10:9-16:9/200k/199475/120966797/199475_P2372_IMG_17_0001_max_476x317.jpeg,nan,sale,"('52.9536852', '-1.1444723')",52.9536852,-1.1444723,112
Shop for sale,https://www.rightmove.co.uk/properties/121446173#/?channel=COM_BUY,"Adam Barber, 230 Highbury Road, Nottingham, Nottinghamshire, NG6 9FE","Guide Price: £268,000 For sale by online auction on 14/12/2022 14:00, ending on 14/12/2022 19:30",268000.0,,,"UK Property Auctions, Manchester",https://media.rightmove.co.uk:443/dir/crop/10:9-16:9/237k/236072/128594498/236072_189390_IMG_00_0000_max_476x317.jpeg,nan,sale,"('52.9536852', '-1.1444723')",52.9536852,-1.1444723,112
1 bedroom office for sale,https://www.rightmove.co.uk/properties/121446173#/?channel=COM_BUY,"Oakdale Road, Nottingham, Nottinghamshire, NG3","*** OFFICE WITH RESIDENCE ABOVE *** Modern 2 Bed 2 storey semi-detached property in good residential location 1 mile from City Centre.
Currently it is a 1 bed apartment on 1st floor and an office on the ground floor, but this can easily be converted to a second apartme...",260000.0,,,"Smooth Moves, Mapperley",https://media.rightmove.co.uk:443/dir/crop/10:9-16:9/78k/77107/126476285/77107_10218495_IMG_00_0000_max_476x317.jpeg,1,sale,"('52.9536852', '-1.1444723')",52.9536852,-1.1444723,112
Land for sale,https://www.rightmove.co.uk/properties/113173016#/?channel=COM_BUY,"Melton Road, Stanton On The Wolds, Nottingham","GUIDE £250,000 - £270,000 Building Plot Planning application reference Rushcliffe Borough Council - 20/00707/VAR DEVELOPMENT/INVESTMENT OPPORTUNITY - Unique FREEHOLD development plot of land available with planning permission for a three/four bedroom detached home with s (cont.)",250000.0,,,"Benjamins, Keyworth",https://media.rightmove.co.uk:443/dir/crop/10:9-16:9/155k/154472/117401285/154472_SCT1SS000889_IMG_00_0000_max_476x317.jpeg,nan,sale,"('52.9536852', '-1.1444723')",52.9536852,-1.1444723,112
Plot for sale,https://www.rightmove.co.uk/properties/113173016#/?channel=COM_BUY,"Lambley Lane, Burton Joyce, Nottinghamshire, NG14 5BG","AN EXCITING DEVELOPMENT OPPORTUNITY... The owners of this site began with a vision to create a development like no other in Nottinghamshire and having being meticulously designed and planned by a collaboration of the development owners and a local architect, there really is no developme...",250000.0,,,"HoldenCopley, West Bridgford",https://media.rightmove.co.uk:443/dir/crop/10:9-16:9/224k/223187/121446146/223187_31372149_IMG_00_0000_max_476x317.jpeg,nan,sale,"('52.9536852', '-1.1444723')",52.9536852,-1.1444723,112
Plot for sale,https://www.rightmove.co.uk/properties/106123775#/?channel=COM_BUY,"Lambley Lane, Burton Joyce, Nottinghamshire, NG14 5BG","AN EXCITING DEVELOPMENT OPPORTUNITY... The owners of this site began with a vision to create a development like no other in Nottinghamshire and having being meticulously designed and planned by a collaboration of the development owners and a local architect, there really is no developme...",250000.0,,,"HoldenCopley, West Bridgford",https://media.rightmove.co.uk:443/dir/crop/10:9-16:9/224k/223187/121446167/223187_31372152_IMG_00_0000_max_476x317.jpeg,nan,sale,"('52.9536852', '-1.1444723')",52.9536852,-1.1444723,112
3 bedroom post office for sale,https://www.rightmove.co.uk/properties/106123775#/?channel=COM_BUY,"11 Ambergate Road, Nottingham, Nottinghamshire, NG8 3GD","Guide Price: £220,000 For sale by online auction on 13/12/2022 14:00, ending on 13/12/2022 19:10",220000.0,,,"UK Property Auctions, Manchester",https://media.rightmove.co.uk:443/dir/crop/10:9-16:9/237k/236072/128582636/236072_189380_IMG_00_0000_max_476x317.jpeg,3,sale,"('52.9536852', '-1.1444723')",52.9536852,-1.1444723,112
Commercial property for sale,https://www.rightmove.co.uk/properties/127160384#/?channel=COM_BUY,"High Street, Hucknall, Nottingham","GUIDE PRICE £210,000 - £220,000 PERFECT FOR BUSINESS OWNERS... This property is the perfect investment opportunity for any business owners looking for a commercial and residential space. Based in a popular high street location, this property has easy access to local amenities an...",210000.0,,,"HoldenCopley, Hucknall",https://media.rightmove.co.uk:443/dir/crop/10:9-16:9/191k/190298/124928315/190298_31643265_IMG_14_0000_max_476x317.jpeg,nan,sale,"('52.9536852', '-1.1444723')",52.9536852,-1.1444723,112
Shop for sale,https://www.rightmove.co.uk/properties/127160384#/?channel=COM_BUY,"Woodside Road, Beeston, Nottingham, Nottinghamshire, NG9","FOR SALE BY MODERN METHOD OF AUCTION; STARTING BID PRICE £195,000 plus Reservation Fee. • Search pack fee applies • For sale by modern method of auction • Reservation fee applies • Close to QMC hospital. • Direct transport links to Nottingham city cen...",195000.0,,,"Whitegates, Sherwood",https://media.rightmove.co.uk:443/dir/crop/10:9-16:9/36k/35729/128359337/35729_NOT220250_IMG_00_0000_max_476x317.jpeg,nan,sale,"('52.9536852', '-1.1444723')",52.9536852,-1.1444723,112
Pub for sale,https://www.rightmove.co.uk/properties/120966797#/?channel=COM_BUY,"Derby Road, Stapleford, Nottingham",An opportunity has arisen to purchase a two storey commercial unit of 120sqm previously used as a wine bar. Town centre location with vacant possession offering great potential for property investors and owner occupier businesses alike.,195000.0,1292,,"Robert Ellis, Stapleford",https://media.rightmove.co.uk:443/dir/crop/10:9-16:9/7k/6061/125701094/6061_31696074_IMG_00_0000_max_476x317.jpeg,nan,sale,"('52.92939005', '-1.275331727843966')",52.92939005,-1.275331727843966,112
Commercial property for sale,https://www.rightmove.co.uk/properties/120966797#/?channel=COM_BUY,"Edward Road, West Bridgford, Nottinghamshire, NG2 5GB","Guide Price £170,000 - £180,000 CALLING ALL INVESTORS... Are you looking for a unique investment opportunity? We are pleased to be offering this versatile space which has previously been utilised as a mechanical garage and storage space. There is plenty of potential for developm...",170000.0,,,"HoldenCopley, West Bridgford",https://media.rightmove.co.uk:443/dir/crop/10:9-16:9/224k/223187/120525518/223187_31319475_IMG_00_0000_max_476x317.jpeg,nan,sale,"('52.9536852', '-1.1444723')",52.9536852,-1.1444723,112
Land for sale,https://www.rightmove.co.uk/properties/128594498#/?channel=COM_BUY,"Ridge Way, Top Valley, Nottingham","£150,000 WALTON AND ALLEN are delighted to offer this BUILDING PLOT with PERMISSION GRANTED for 2 THREE BEDROOM SEMI DETACHED HOUSES. The design offers accommodation comprising. GROUND FLOOR; LOUNGE/DINER, KITCHEN, CLOAKROOM/W.C. FIRST FLOOR; THREE BEDROOMS and a BATHROOM. Benefitting from OFF ...",150000.0,,,"Walton & Allen, Nottingham",https://media.rightmove.co.uk:443/dir/crop/10:9-16:9/29k/28445/127338818/28445_31810117_IMG_00_0000_max_476x317.jpeg,nan,sale,"('52.9536852', '-1.1444723')",52.9536852,-1.1444723,112
Land for sale,https://www.rightmove.co.uk/properties/128594498#/?channel=COM_BUY,"Avenue, Sawley NG10 3GD","INVESTMENT OPPORTUNITY! Opportunity to acquire approx 0.18 acres of development land with lapsed planning (Aug 2021) for four one bedroom+study apartments. GDV on current plans expected of around £550,000. Located in the desirable location of Sawley. Give us a call 24/7 for any enquiries.",140000.0,,,"EweMove, Long Eaton",https://media.rightmove.co.uk:443/dir/crop/10:9-16:9/73k/72801/124511870/72801_46865_IMG_00_0000_max_476x317.jpeg,nan,sale,"('52.9536852', '-1.1444723')",52.9536852,-1.1444723,112
Mixed use for sale,https://www.rightmove.co.uk/properties/126476285#/?channel=COM_BUY,"26 and 28 Derby Road, Stapleford, Nottingham NG9 7AA",For sale on 24 November 2022 The National Property Auction will be conducted behind closed doors. The auction will be live-streamed online with remote bidding only. Registration for bidding will close at 12pm the day before the auction. The auction will commence at 10:00.,135000.0,,,"SDL Property Auctions, Nationwide",https://media.rightmove.co.uk:443/dir/crop/10:9-16:9/69k/68670/128345105/68670_202209271211sq_xo6h_IMG_00_0000_max_476x317.jpeg,nan,sale,"('52.9536852', '-1.1444723')",52.9536852,-1.1444723,112
Shop for sale,https://www.rightmove.co.uk/properties/126476285#/?channel=COM_BUY,"Derby Road, Stapleford","FOR SALE BY PUBLIC AUCTION ON THE 24/11/22. A dual unit, twin shop frontage retail space with two separate one bedroom flats above situated on Stapleford High Street. Measuring approx 345 sqm (3713sqft) of ground floor retail space plus two separate one bedroom flats each measuring approx 58s...",135000.0,,,"Robert Ellis, Stapleford",https://media.rightmove.co.uk:443/dir/crop/10:9-16:9/7k/6061/128159723/6061_31878386_IMG_00_0000_max_476x317.jpeg,nan,sale,"('52.92939005', '-1.275331727843966')",52.92939005,-1.275331727843966,112
Plot for sale,https://www.rightmove.co.uk/properties/116571059#/?channel=COM_BUY,"Peveril Road, Beeston, Nottingham","A fabulous opportunity to acquire a building plot with outline planning permission for a three bedroom, three storey detached house.",125000.0,,,"Robert Ellis, Beeston",https://media.rightmove.co.uk:443/dir/crop/10:9-16:9/6k/5963/116571059/5963_31116264_IMG_00_0000_max_476x317.jpeg,nan,sale,"('52.9536852', '-1.1444723')",52.9536852,-1.1444723,112
Plot for sale,https://www.rightmove.co.uk/properties/116571059#/?channel=COM_BUY,"Furlong Street, Arnold, Nottinghamshire, NG5 7AA","GUIDE PRICE: £125,000 - £150,000 PERFECT INVESTMENT OPPORUNITY... This unique opportunity to purchase this three-storey building is being brought to the market as it is currently being used as workshop but offers great potential ranging from storage space, the chance to convert ...",125000.0,,,"HoldenCopley, Nottingham",https://media.rightmove.co.uk:443/dir/crop/10:9-16:9/115k/114358/128078669/114358_31871493_IMG_00_0000_max_476x317.jpeg,nan,sale,"('52.9536852', '-1.1444723')",52.9536852,-1.1444723,112
Restaurant for sale,https://www.rightmove.co.uk/properties/128078669#/?channel=COM_BUY,"Derby Road, Nottingham","***BUSINESS FOR SALE*** A well-established restaurant, which is ideally located in the area of Lenton within easy access of Nottingham University and the Queens Medical Centre Hospital and therefore benefits from high volumes of regular trade with excellent potential for future growth. The ...",120000.0,,,"Wise Properties Sales and Lettings Ltd, Nottingham",https://media.rightmove.co.uk:443/dir/crop/10:9-16:9/67k/66347/112995614/66347_11125772_IMG_00_0000_max_476x317.jpeg,nan,sale,"('52.9543671', '-1.167496')",52.9543671,-1.167496,112
Land for sale,https://www.rightmove.co.uk/properties/128078669#/?channel=COM_BUY,"Church Road, Nottingham, Nottinghamshire, NG16",Auction Sale - call the Auctioneer to discuss a pre auction purchase ,100000.0,108900,,"Barney Estates and Auctioneers, London",https://media.rightmove.co.uk:443/dir/crop/10:9-16:9/131k/130351/128403155/130351_moorgreenretreat_IMG_03_0000_max_476x317.jpeg,nan,sale,"('52.9536852', '-1.1444723')",52.9536852,-1.1444723,112
Land for sale,https://www.rightmove.co.uk/properties/112995614#/?channel=COM_BUY,"Development plot adjacent to 27 Elstree Drive, Nottingham, NG8 3HQ","An opportunity to acquire a residential development site of 0.12 acres with potential to build a new four bedroom house, subject to obtaining formal planning consent.",95000.0,,,"Auction Estates Limited, Nottingham",https://media.rightmove.co.uk:443/dir/crop/10:9-16:9/163k/162092/128689553/162092_189731_IMG_00_0000_max_476x317.jpeg,nan,sale,"('52.9536852', '-1.1444723')",52.9536852,-1.1444723,112
Land for sale,https://www.rightmove.co.uk/properties/112995614#/?channel=COM_BUY,"Third Avenue, Carlton, Nottinghamshire, NG4 1PS","Guide Price: £90,000 - £110,000 GREAT INVESTMENT OPPORTUNITY... A unique opportunity has arisen to acquire a plot of land, which would be the perfect purchase for anyone wanting an allotment / garden space or with the potential to develop on - subject to planning. Situated withi...",90000.0,,,"HoldenCopley, Nottingham",https://media.rightmove.co.uk:443/dir/crop/10:9-16:9/115k/114358/125814923/114358_31703465_IMG_03_0000_max_476x317.jpeg,nan,sale,"('52.9536852', '-1.1444723')",52.9536852,-1.1444723,112
Plot for sale,https://www.rightmove.co.uk/properties/128403155#/?channel=COM_BUY,"Mapperley Rise, Nottingham, NG3","A 0.039 acre plot with planning for a detached two bedroom, three storey house measuring approximately 900sq ft in a desirable residential location.",80000.0,909,,"Savills, Nottingham",https://media.rightmove.co.uk:443/dir/crop/10:9-16:9/37k/36248/125671994/36248_NTS220222_IMG_00_0000_max_476x317.jpeg,nan,sale,"('52.9536852', '-1.1444723')",52.9536852,-1.1444723,112
Land for sale,https://www.rightmove.co.uk/properties/128403155#/?channel=COM_BUY,"James Street, Kimberley, Nottingham","£50,000-£75,000 ""FOR SALE VIA BAGSHAWS RESIDENTIAL AUCTIONS IN ASSOCIATION WITH BARNARD MARCUS AUCTIONS 20/12/2022 at 09:30am""",50000.0,,,"William H. Brown, Kimberley",https://media.rightmove.co.uk:443/dir/crop/10:9-16:9/3k/2029/128536775/2029_KBY107225_IMG_02_0000_max_476x317.jpeg,nan,sale,"('52.9536852', '-1.1444723')",52.9536852,-1.1444723,112
Land for sale,https://www.rightmove.co.uk/properties/128689553#/?channel=COM_BUY,"James Street, Kimberley, Nottingham","AUCTION SALE 20 December 2022 - FOR SALE VIA BAGSHAWS RESIDENTIAL AUCTIONS IN ASSOCIATION WITH BARNARD MARCUS AUCTIONS ON 20 DECEMBER 2022 AT 9.30AM AT THE DE VERE GRAND CONNAUGHT ROOMS, 61-65 GREAT QUEEN STREET, COVENT GARDENS, LONDON WC2B 5DA. YOU CAN ALSO REGISTER FOR ONLINE BIDDING.",50000.0,,,Auctions,https://media.rightmove.co.uk:443/dir/crop/10:9-16:9/13k/12815/128703215/12815_AUC0035405_IMG_06_0000_max_476x317.jpeg,nan,sale,"('52.9536852', '-1.1444723')",52.9536852,-1.1444723,112
Commercial property for sale,https://www.rightmove.co.uk/properties/128689553#/?channel=COM_BUY,"Orchard Way, Sandiacre",A detached brick garage.,45000.0,,,"Robert Ellis, Long Eaton",https://media.rightmove.co.uk:443/dir/crop/10:9-16:9/7k/6065/85891821/6065_31859158_IMG_00_0000_max_476x317.jpeg,nan,sale,"('52.9536852', '-1.1444723')",52.9536852,-1.1444723,112
Land for sale,https://www.rightmove.co.uk/properties/125814923#/?channel=COM_BUY,"0.75 acres of Land to the rear of Harrington Arms, Tamworth Road, Sawley, NG10 3AU","Freehold parcel of paddock/amenity land measuring circa 0.75 acres benefitting from 1 Lodge currently in situ let on a license at £1,750 pa with picturesque views along the River Trent",40000.0,,,"Auction Estates Limited, Nottingham",https://media.rightmove.co.uk:443/dir/crop/10:9-16:9/163k/162092/128663393/162092_189913_IMG_00_0000_max_476x317.jpeg,nan,sale,"('52.9536852', '-1.1444723')",52.9536852,-1.1444723,112
Land for sale,https://www.rightmove.co.uk/properties/125814923#/?channel=COM_BUY,"Church Road, Greasley, Nottingham, Nottinghamshire, NG16",Approx. 0.5 Acres of land between Moorgreen and Greasley Church and on the fringes of the Greater Nottingham conurbation lying west of the M1 Motorway. The land is accessed directly from Church Road via a drive leading up the side of the property known as 10 Church Road. The land could ...,30000.0,,,"Reeds Rains, Eastwood",https://media.rightmove.co.uk:443/dir/crop/10:9-16:9/47k/46482/127561361/46482_EAS220335_IMG_00_0000_max_476x317.jpeg,nan,sale,"('52.9536852', '-1.1444723')",52.9536852,-1.1444723,112
Land for sale,https://www.rightmove.co.uk/properties/125671994#/?channel=COM_BUY,"Plot 9b, Land Off Church Road, Greasley, Nottinghamshire, NG16 2AB","Freehold Amenity Land. Circa 0.5 acres. The Plot may be suitable for a number of uses, including future residential development, subject to the usual planning permission and consents. ",20000.0,,,"Connect-UK, Auctions - Crawley",https://media.rightmove.co.uk:443/dir/crop/10:9-16:9/218k/217880/127964972/217880_1452_190302_IMG_00_0000_max_476x317.jpeg,nan,sale,"('52.9536852', '-1.1444723')",52.9536852,-1.1444723,112
Land for sale,https://www.rightmove.co.uk/properties/125671994#/?channel=COM_BUY,"Church Road, Greasley, NOTTINGHAM",AUCTION SALE 16 November 2022 - Freehold Parcel of Land – 0.47 acreAdjoining Residential DwellingFull Vacant PossessionTO SELL YOUR PROPERTY IN OUR NEXT AUCTION CALL US NOW,20000.0,,,"Barnard Marcus, Hammersmith Auctions",https://media.rightmove.co.uk:443/dir/crop/10:9-16:9/25k/24437/128536922/24437_AUC0035355_IMG_00_0000_max_476x317.jpeg,nan,sale,"('52.9536852', '-1.1444723')",52.9536852,-1.1444723,112
Land for sale,https://www.rightmove.co.uk/properties/128536775#/?channel=COM_BUY,"Land at Church Road, Nottingham, Nottinghamshire, NG16",Barney Estates and Auctioneers present approx.1/2 an acres of land between Moorgreen and Greasley Church and on the fringes of the Greater Nottingham Conurbation lying west of the M1 Motorway.,20000.0,,,"Barney Estates and Auctioneers, London",https://media.rightmove.co.uk:443/dir/crop/10:9-16:9/131k/130351/127710179/130351_greasleyrelaunch2_IMG_05_0000_max_476x317.jpeg,nan,sale,"('52.9536852', '-1.1444723')",52.9536852,-1.1444723,112
Land for sale,https://www.rightmove.co.uk/properties/128536775#/?channel=COM_BUY,"Land on the south west side of 3 Hazel Street, Nottingham NG6 8EA",This property remains available and open to offers following the auction on 27 October 2022. Please contact the auctioneers on for further details.,13000.0,,,"SDL Property Auctions, Nationwide",https://media.rightmove.co.uk:443/dir/crop/10:9-16:9/69k/68670/128283473/68670_202208161033sq_mqx4_IMG_00_0000_max_476x317.jpeg,nan,sale,"('52.9536852', '-1.1444723')",52.9536852,-1.1444723,112
